IDNo_,Comment,Point,NAME_Species,Input_SiO2,Input_TiO2,Input_Al2O3,Input_Cr2O3,Input_FeO,Input_NiO,Input_MnO,Input_MgO,Input_CaO,Input_Na2O,Input_K2O,Input_P2O5,Input_SO3,Input_F,Input_Cl,Input_V2O3,Input_ZnO,Input_CoO,Input_BaO,Input_SrO,Input_B2O3,Input_PbO,Input_CuO,Input_Sb2O3,Input_As2O5,Input_ThO2,Input_ZrO2,Input_HfO2,Input_Ag2O,Input_Y2O3,Input_La2O3,Input_Ce2O3,Input_Nd2O3
1_1,,1,Cristobalite,100,,,,,,,,,,,,,,,,,,,,,,,,,,,,,,,,
1_2,,2,Cristobalite,99.03096903,0.37962038,0.17982018,,0.08991009,,0.01998002,0.02997003,0.01998002,0.04995005,0.16983017,0.02997003,,,,,,,,,,,,,,,,,,,,,
1_3,,3,Quartz,100,,,,,,,,,,,,,,,,,,,,,,,,,,,,,,,,
1_4,,4,Quartz,100,,,,,,,,,,,,,,,,,,,,,,,,,,,,,,,,
1_5,,5,Tridymite,95.14376613,0.260119655,2.401104508,,0.324149109,,,0.300138064,0.400184085,0.800368169,0.370170278,,,,,,,,,,,,,,,,,,,,,,
1_6,,6,Tridymite,100,,,,,,,,,,,,,,,,,,,,,,,,,,,,,,,,
1_7,,7,Amorphous silica,100,,,,,,,,,,,,,,,,,,,,,,,,,,,,,,,,
1_8,,8,Obsidian,88.54,,11.46,,,,,,,,,,,,,,,,,,,,,,,,,,,,,,
2_1,,9,Ankerite,,,,,31.373,,8.7926,11.352,48.504,,,,,,,,,,,,,,,,,,,,,,,,
2_2,,10,Calcite,,,,,0.771023848,,,3.119956966,96.10901919,,,,,,,,,,,,,,,,,,,,,,,,
2_3,,11,Calcite,,,,,,,,,100,,,,,,,,,,,,,,,,,,,,,,,,
2_4,,12,Dolomite,0.227574436,,,,0.417219799,,,40.0531007,59.30210506,,,,,,,,,,,,,,,,,,,,,,,,
2_5,,13,Dolomite,,,,,,,,41.82131242,58.17868758,,,,,,,,,,,,,,,,,,,,,,,,
2_8,,14,Magnesite,,,,,,,,100,,,,,,,,,,,,,,,,,,,,,,,,,
2_9,,15,Magnesite,,,,,1.238901507,,1.383440017,97.23311997,0.144538509,,,,,,,,,,,,,,,,,,,,,,,,
2_10,,16,Nesquehonite,,,,,,,,100,,,,,,,,,,,,,,,,,,,,,,,,,
2_11,,17,Nesquehonite,,,,,,,,100,,,,,,,,,,,,,,,,,,,,,,,,,
2_12,,18,Rhodochrosite,,,,,,,100,,,,,,,,,,,,,,,,,,,,,,,,,,
2_13,,19,Rhodochrosite,,,,,1.238938053,,97.94046661,,0.820595334,,,,,,,,,,,,,,,,,,,,,,,,
2_14,,20,Siderite,,,,,100,,,,,,,,,,,,,,,,,,,,,,,,,,,,
2_15,,21,Siderite,,,,,97.83757809,,1.79400929,0.208233221,0.160179401,,,,,,,,,,,,,,,,,,,,,,,,
2_16,,22,Strontianite,,,,,,,,,3.902862099,,,,,,,,,,0.245735762,95.85140214,,,,,,,,,,,,,
2_17,,23,Strontianite,,,,,,,,,,,,,,,,,,,,100,,,,,,,,,,,,,
2_18,,24,Natrite,,,,,,,,,,100,,,,,,,,,,,,,,,,,,,,,,,
2_19,,25,Natrite,,,,,,,,,,100,,,,,,,,,,,,,,,,,,,,,,,
2_20,,26,Natron,,,,,,,,,,100,,,,,,,,,,,,,,,,,,,,,,,
2_21,,27,Natron,,,,,,,,0.650195059,0.78023407,93.19462505,,,3.59774599,,1.777199827,,,,,,,,,,,,,,,,,,
3_1,,28,Anhydrite,,,0.030133491,,0.027120142,,,,41.31301666,,,,58.6297297,,,,,,,,,,,,,,,,,,,,
3_2,,29,Anhydrite,,,,,,,,,41.19,,,,58.81,,,,,,,,,,,,,,,,,,,,
3_3,,30,Bassanite,,,,,,,,,41.05938656,,,,58.94061344,,,,,,,,,,,,,,,,,,,,
3_4,,31,Bassanite,,,,,,,,,41.18775989,,,,58.81224011,,,,,,,,,,,,,,,,,,,,
3_5,,32,Gypsum,,,,,,,,,41.29657989,,,,58.70342011,,,,,,,,,,,,,,,,,,,,
3_6,,33,Gypsum,,,,,,,,,41.19134944,,,,58.80865056,,,,,,,,,,,,,,,,,,,,
3_7,,34,Mirabilite,,,,,,,,,,42.59639516,,,57.40360484,,,,,,,,,,,,,,,,,,,,
3_8,,35,Mirabilite,,,,,,,,,,43.63801315,,,56.36198685,,,,,,,,,,,,,,,,,,,,
3_9,,36,Thenardite,,,,,,,,,2.689313517,42.3718532,,,54.93883328,,,,,,,,,,,,,,,,,,,,
3_10,,37,Thenardite,,,,,,,,,,43.63,,,56.37,,,,,,,,,,,,,,,,,,,,
3_11,,38,Alpersite,,,,,0.551892962,,,18.19202727,,,,,57.09543231,,,,1.267309765,,,,,,22.89333769,,,,,,,,,,
3_12,,39,Caminite,,,,,,,,41.34470106,,,,,58.65529894,,,,,,,,,,,,,,,,,,,,
3_13,,40,Caminite,,,,,,,,41.44444444,,,,,58.55555556,,,,,,,,,,,,,,,,,,,,
3_14,,41,Epsomite,,,,,,,,33.4971335,,,,,66.5028665,,,,,,,,,,,,,,,,,,,,
3_15,,42,Epsomite,,,,,,,,33.40867064,,,,,66.59132936,,,,,,,,,,,,,,,,,,,,
3_16,,43,Kieserite,,,,,,,,33.49045758,,,,,66.50954242,,,,,,,,,,,,,,,,,,,,
3_17,,44,Kieserite,,,,,,,,33.36017485,,,,,66.63982515,,,,,,,,,,,,,,,,,,,,
3_18,,45,Meridianiite,,,,,,,,33.47446414,,,,,66.52553586,,,,,,,,,,,,,,,,,,,,
3_19,,46,Merrillite,,,,,,,,3.76,47.04,2.89,,46.31,,,,,,,,,,,,,,,,,,,,,
3_20,,47,Mooreite,,,,,,,13.53675451,37.10124827,,,,,16.0887656,,,,33.27323162,,,,,,,,,,,,,,,,
3_21,,48,Mooreite,,,,,,,16.36937431,34.82436883,,,,,15.07958288,,,,33.72667398,,,,,,,,,,,,,,,,
3_22,,49,Sanderite,,,,,,,,33.48492723,,,,,66.51507277,,,,,,,,,,,,,,,,,,,,
3_24,,50,D'ansite,,,,,,,,2.52,,40.72,,,50.1,,6.66,,,,,,,,,,,,,,,,,,
3_25,,51,Vanthoffite,,,,,,,,7.403314917,,33.79206429,,,58.80462079,,,,,,,,,,,,,,,,,,,,
3_26,,52,Vanthoffite,,,,,,,,7.38,,34.02,,,58.6,,,,,,,,,,,,,,,,,,,,
3_27,,53,Bilinite,,,,,37.55308607,,,0.230039638,,0.513165345,,,61.70370895,,,,,,,,,,,,,,,,,,,,
3_28,,54,Bilinite,,,,,40.22931559,,,,,,,,59.77068441,,,,,,,,,,,,,,,,,,,,
3_29,,55,Copiapite,,,,,41.79308252,,,,,,,,58.20691748,,,,,,,,,,,,,,,,,,,,
3_30,,56,Copiapite,,,,,42.79121697,,,,,,,,57.20878303,,,,,,,,,,,,,,,,,,,,
3_32,,57,Coquimbite,,,,,37.431378,,,,,,,,62.568622,,,,,,,,,,,,,,,,,,,,
3_33,,58,Ferricopiapite,,,,,41.11164785,,,,,,,,58.88835215,,,,,,,,,,,,,,,,,,,,
3_34,,59,Ferricopiapite,,,,,41.25391565,,,,,,,,58.74608435,,,,,,,,,,,,,,,,,,,,
3_35,,60,Ferrovalleriite1,,,0.14,,44.04,0.07,0.03,,,,,,38.42,,,,,,,,,,17.3,,,,,,,,,,
,,61,Ferrovalleriite2,,,0.06,,43.42,0.1,1.35,0.03,,,,,38.45,,,,,,,,,,16.6,,,,,,,,,,
,,62,Ferrovalleriite3,,,0.09,,44.06,,0.14,,0.03,,,,38.25,,,,,,,,,,17.45,,,,,,,,,,
,,63,valleriite,,,4.87,,22.1,0.55,0.08,10.32,0.06,,,,42.24,,,,,,,,,,19.86,,,,,,,,,,
3_36,,64,Hydroniumjarosite,,,,,57.38065688,,,,,,,,42.61934312,,,,,,,,,,,,,,,,,,,,
3_37,,65,Jarosite,,,,,52.04966285,,,,,0.65408446,9.216644666,,38.07960803,,,,,,,,,,,,,,,,,,,,
,,66,melanterite2,,,,,22.27,,,1.87,,,,,29.19,,,,,,,,,,,,,,,,,,,,
3_38,,67,melanterite,,,,,47.29136164,,,,,,,,52.70863836,,,,,,,,,,,,,,,,,,,,
3_39,,68,Mikasaite,,,5.856754677,,29.78772669,,0.612235169,,,,,,63.74328346,,,,,,,,,,,,,,,,,,,,
3_40,,69,Mikasaite,,,,,37.43164561,,,,,,,,62.56835439,,,,,,,,,,,,,,,,,,,,
3_41,,70,Rhomboclase,,,,,31.23225124,,,,0.139205969,,,,68.586781,,,,,,,,,,0.041761791,,,,,,,,,,
3_42,,71,Rhomboclase,,,,,30.97435756,,,,,,,,69.02564244,,,,,,,,,,,,,,,,,,,,
3_43,,72,Romerite,,,,,40.25435817,,,,,,,,59.74564183,,,,,,,,,,,,,,,,,,,,
3_44,,73,Romerite,,,,,40.23467979,,,,,,,,59.76532021,,,,,,,,,,,,,,,,,,,,
3_45,,74,Schwertmannite,,,,,81.60486674,,,,,,,,18.39513326,,,,,,,,,,,,,,,,,,,,
3_46,,75,Siderotil,,,,,25.14231499,,,,,,,,52.16635041,,,,,0.395319418,,,,,22.29601518,,,,,,,,,,
3_47,,76,Siderotil,,,,,47.29299363,,,,,,,,52.70700637,,,,,,,,,,,,,,,,,,,,
3_48,,77,Szomolnokite,,,,,47.29306488,,,,,,,,52.70693512,,,,,,,,,,,,,,,,,,,,
3_49,,78,Szomolnokite,,,,,44.87380484,,,0.2760174,0.077284872,,0.342261576,,52.95117804,,,,0.154569744,,,,,,1.324883521,,,,,,,,,,
3_50,,79,Viaeneite,,,,,29.78917979,0.139088173,,,,,,,67.87478094,,,,,,,,,2.196951096,,,,,,,,,,,
3_51,,80,Rhomboclase,,,,,30.96753841,,,,,,,,69.03246159,,,,,,,,,,,,,,,,,,,,
3_52,,81,Calciocopiapite,,,,,34.89333653,,,,6.801294343,,,,58.30536913,,,,,,,,,,,,,,,,,,,,
3_53,,82,Calciocopiapite,,,,,34.84770263,,,0.47201121,7.153919906,,,,57.52636625,,,,,,,,,,,,,,,,,,,,
3_54,,83,Sturmanite,,,4.574409769,,12.87828668,,3.175623311,,50.2617999,,,,23.91168743,,,,,,,,5.198192919,,,,,,,,,,,,
3_55,,84,Sturmanite,,,2.116659798,,14.9027835,,2.435095343,,47.95264676,,,,26.59873375,,,,,,,,5.994080845,,,,,,,,,,,,
3_56,,85,Vyalsovite,,,19.81158474,,27.27357523,,,,21.79833971,,,,31.11650033,,,,,,,,,,,,,,,,,,,,
3_57,,86,Adranosite-(Fe),,,6.403268048,,17.78504567,,,,,6.277959475,1.027530293,,63.85724847,,4.648948035,,,,,,,,,,,,,,,,,,
3_58,,87,Adranosite-(Fe),,,,,27.20181995,,,,,5.862353441,,,60.22349441,,6.712332192,,,,,,,,,,,,,,,,,,
3_59,,88,Amarillite,,,,,27.3214749,,,,,11.79116095,,,60.88736414,,,,,,,,,,,,,,,,,,,,
3_60,,89,Amarillite,,,,,27.50889527,,,,,10.20276932,,,62.28833541,,,,,,,,,,,,,,,,,,,,
3_61,,90,Clinoungemachite,,,,,7.392930593,,,,,28.68413773,14.52848569,,49.39444598,,,,,,,,,,,,,,,,,,,,
3_62,,91,Coyoteite,,,,,33.32445067,,,,,4.78887565,,,61.88667368,,,,,,,,,,,,,,,,,,,,
3_63,,92,Coyoteite,,,,,33.73320041,,,,,4.811760383,,,61.45503921,,,,,,,,,,,,,,,,,,,,
3_64,,93,Eldfellite,,,,,27.32330517,,,,,11.7865238,,,60.89017103,,,,,,,,,,,,,,,,,,,,
3_65,,94,Erdite,,,,,27.32611158,,,,,11.78312722,,,60.8907612,,,,,,,,,,,,,,,,,,,,
3_66,,95,Erdite,,,,,27.82498634,,,,,11.41888953,,,60.75612413,,,,,,,,,,,,,,,,,,,,
3_67,,96,Ferrinatrite,,,,,17.74677122,,,,,22.95894834,,,59.29428044,,,,,,,,,,,,,,,,,,,,
3_68,,97,Ferrinatrite,,,,,18.89813326,,,,,22.25640309,,,58.84546366,,,,,,,,,,,,,,,,,,,,
3_69,,98,Ferrotychite,,,,,22.2189866,,6.333721607,4.033197437,,47.02970297,,,20.38439138,,,,,,,,,,,,,,,,,,,,
3_70,,99,Ferrotychite,,,,,35.06790565,,,,,45.38956397,,,19.54253038,,,,,,,,,,,,,,,,,,,,
3_71,,100,Jarosite,,,,,50.98724342,,,,,,11.14572352,,37.86703306,,,,,,,,,,,,,,,,,,,,
3_72,,101,Metasideronatrite,,,,,23.66517396,,,,,20.16304972,0.298541738,,55.87323458,,,,,,,,,,,,,,,,,,,,
3_73,,102,Metasideronatrite,,,,,24.44433952,,,,,21.08145752,,,54.47420295,,,,,,,,,,,,,,,,,,,,
3_74,,103,Metavoltine,,,,,28.84876723,,,,,10.66540478,5.399437003,,55.08639099,,,,,,,,,,,,,,,,,,,,
3_75,,104,Metavoltine,,,,,28.53001049,,,,,10.96786133,5.946579483,,54.5555487,,,,,,,,,,,,,,,,,,,,
3_76,,105,Natrojarosite,,,,,53.00805644,,,,,7.615483625,,,39.37645993,,,,,,,,,,,,,,,,,,,,
3_77,,106,Natrojarosite,,,,,53.27323917,,,,,7.476281733,0.80441006,0.236591194,38.20947784,,,,,,,,,,,,,,,,,,,,
3_78,,107,Nikischerite,,,19.13373195,,59.3408196,,,,,3.485489281,,,18.03995917,,,,,,,,,,,,,,,,,,,,
3_79,,108,philoxenite,,,3.406096913,,2.966309694,,0.200358642,6.381422747,2.845092716,4.67837429,13.36392142,,54.71794512,,,,1.482653951,,,,,4.548141173,5.409683333,,,,,,,,,,
3_80,,109,Therasiaite,,,0.920264867,,18.50895936,,1.279908608,,,9.223804185,9.107448857,,34.83255411,,26.12706002,,,,,,,,,,,,,,,,,,
3_81,,110,Therasiaite,,,,,21.44498477,,,,,9.244909956,7.032544221,,35.8360498,,26.44151125,,,,,,,,,,,,,,,,,,
3_82,,111,Ungemachite,,,,,7.632311978,,,,,26.33240483,15.00464253,,51.03064067,,,,,,,,,,,,,,,,,,,,
3_83,,112,Ungemachite,,,,,8.638035614,,,,,26.97863633,14.16530657,,50.21802149,,,,,,,,,,,,,,,,,,,,
3_84,,113,Yavapaiite,,,,,25.74496755,,,,,,16.87941657,,57.37561588,,,,,,,,,,,,,,,,,,,,
3_85,,114,Yavapaiite,,,0.113147771,,25.82649304,,,0.082289288,,0.637741982,15.9024049,,57.43792302,,,,,,,,,,,,,,,,,,,,
3_86,,115,Alunite,,,42.46118459,,,,,,,,13.07648074,,44.46233468,,,,,,,,,,,,,,,,,,,,
3_87,,116,Alunite,0.252554242,,42.68166686,,,,,,,0.378831363,12.00780622,0.665824819,44.0133165,,,,,,,,,,,,,,,,,,,,
3_88,,117,Kainite,,,,,,,,20.86348889,,1.734464687,19.99001747,,40.55403045,,16.8579985,,,,,,,,,,,,,,,,,,
3_89,,118,Kainite,,,,,,,,19.86503067,,,23.20245399,,39.4601227,,17.47239264,,,,,,,,,,,,,,,,,,
3_90,,119,Caledonite,,,,,,,,,,,,,15.85391823,,,,,,,,,73.64778535,10.49829642,,,,,,,,,,
3_91,,120,Caledonite,,,,,,,,,,,,,15.20524393,,,,,,,,,74.33913604,10.45562003,,,,,,,,,,
4_1,,121,Brockite,,,,,,,,,12.42387333,,,30.08526188,,,,,,,1.339829476,1.705237515,,,,,,54.44579781,,,,,,,
4_2,,122,Brushite,,,,,,,,,44.14194772,,,55.85805228,,,,,,,,,,,,,,,,,,,,,
4_3,,123,Brushite,,,,,,,,,44.11605938,,,55.88394062,,,,,,,,,,,,,,,,,,,,,
4_4,,124,Chlorapatite,,,,,,,,,53.67913148,,,41.41535987,,0.130679534,6.232408524,,,,,,,,,,,,,,,,,,
4_5,,125,Chlorapatite,,,,,,,,,53.84,,,40.89,,,6.81,,,,,,,,,,,,,,,,,,
4_6,,126,Fluorapatite,,,,,,,,,55.65565566,,,42.26226226,,3.673673674,,,,,,,,,,,,,,,,,,,
4_7,,127,Fluorapatite,,,,,,,,,55.63683736,,,42.09840665,,3.898186191,,,,,,,,,,,,,,,,,,,
4_8,,128,Hydroxylapatite,,,,,,,,,56.83738927,,,43.16261073,,,,,,,,,,,,,,,,,,,,,
4_9,,129,Hydroxylapatite,,,,,,,0.071319409,0.10188487,56.89251146,,,42.84258788,,0.163015792,,,,,,,,,,,,,,,,,,,
4_10,,130,Monetite,,,,,0.220507166,,0.661521499,,43.66041896,,,55.45755237,,,,,,,,,,,,,,,,,,,,,
4_11,,131,Monetite,,,,,,,,,44.14221461,,,55.85778539,,,,,,,,,,,,,,,,,,,,,
4_12,,132,Catalanoite,,,,,,,,,,47.35607676,,52.64392324,,,,,,,,,,,,,,,,,,,,,
4_13,,133,Dorfmanite,,,,,,,,,,46.87205704,,53.12794296,,,,,,,,,,,,,,,,,,,,,
4_14,,134,Dorfmanite,,,,,,,,,,46.61311914,,53.38688086,,,,,,,,,,,,,,,,,,,,,
4_15,,135,Nahpoite,,,,,,,,,,46.85119622,,53.14880378,,,,,,,,,,,,,,,,,,,,,
4_16,,136,Nahpoite,,,,,,,,,,46.62039509,,53.37960491,,,,,,,,,,,,,,,,,,,,,
4_17,,137,Buchwaldite,,,,,,,,,35.48,19.61,,44.91,,,,,,,,,,,,,,,,,,,,,
4_18,,138,Buchwaldite,,,,,,,0.059964022,,35.57865281,19.48830702,,44.87307615,,,,,,,,,,,,,,,,,,,,,
,,139,Natrophosphate,,,,,,,,,,56.88,,37.53,,5.58,,,,,,,,,,,,,,,,,,,
,,140,Natrophosphate,,,,,,,,,,55.03,,33.54,1.81,6.15,3.47,,,,,,,,,,,,,,,,,,
4_19,,141,baricite,,,,,22.25022815,,,32.43810931,,,,45.31166254,,,,,,,,,,,,,,,,,,,,,
4_20,,142,baricite,,,,,19.49326303,,,34.73930873,,,,45.76742824,,,,,,,,,,,,,,,,,,,,,
4_21,,143,bobierrite,,,,,,,,38.43917368,8.737566947,,,52.82325937,,,,,,,,,,,,,,,,,,,,,
4_22,,144,bobierrite,,,,,,,,45.99783248,,,,54.00216752,,,,,,,,,,,,,,,,,,,,,
4_23,,145,Chopinite/ferringtonite/baricite/bobieriite/cattiite,0.409918016,,,,21.16576685,,0.23995201,30.38392322,0.379924015,,,47.4205159,,,,,,,,,,,,,,,,,,,,,
4_24,,146,Holtedahlite,,,,,,,,54.23438837,,,,45.76561163,,,,,,,,,,,,,,,,,,,,,
4_25,,147,Holtedahlite,,,,,,,,54.58415193,,0.240122244,,44.95743287,,0.371098014,,,,,,,,,,,,,,,,,,,
4_26,,148,Hydroxylwagenerite,,,,,,,,53.17300562,,,,46.82699438,,,,,,,,,,,,,,,,,,,,,
4_27,,149,Hydroxylwagenerite,0.281378756,0.200984826,0.060295448,,0.331624962,,0.010049241,49.04029746,0.120590895,0.010049241,,44.31715405,,5.627575118,,,,,,,,,,,,,,,,,,,
4_28,,150,Kovdorskite,,,,,,,,53.12277707,,,,46.87722293,,,,,,,,,,,,,,,,,,,,,
4_29,,151,Kovdorskite,,,,,,,,53.17190598,,,,46.82809402,,,,,,,,,,,,,,,,,,,,,
4_30,,152,Newberyite/phosphorosslerite,,,,,,,,36.2212126,,,,63.7787874,,,,,,,,,,,,,,,,,,,,,
4_31,,153,Newberyite/phosphorosslerite,,,,,1.194308721,,0.294736658,34.92377266,,,,63.58718196,,,,,,,,,,,,,,,,,,,,,
4_32,,154,Phosphorrosslerite,,,,,,,,36.70800451,,,,63.29199549,,,,,,,,,,,,,,,,,,,,,
4_33,,155,Phosphorrosslerite,,,,,,,,36.22674934,,,,63.77325066,,,,,,,,,,,,,,,,,,,,,
4_34,,156,raadeite,,,,,0.343154656,,0.343154656,65.49520767,,,,33.34516625,,,,,,,,,,,,,0.473316767,,,,,,,,
4_35,,157,Graftonite,,,,,30.82570653,,17.72100976,0.402293071,9.282912602,0.331891783,,41.43618626,,,,,,,,,,,,,,,,,,,,,
4_36,,158,Graftonite/Sarcopside,,,,,36.75,,18.14,,4.78,,,40.33,,,,,,,,,,,,,,,,,,,,,
4_37,,159,Grattarolaite,,,,,75.22917886,,,,,,,24.77082114,,,,,,,,,,,,,,,,,,,,,
4_38,,160,heteroisite/rodolicoite,,,,,26.23397796,,23.92112732,,,,,49.84489473,,,,,,,,,,,,,,,,,,,,,
4_39,,161,heteroisite/rodolicoite,,,,,38.27328125,,12.0392994,,1.518781002,,,48.16863835,,,,,,,,,,,,,,,,,,,,,
4_40,,162,Rodolicoite,,,,,51.95516106,,,,,,,48.04483894,,,,,,,,,,,,,,,,,,,,,
4_41,,163,Sarcopside,,,,,50,,6.87250996,3.486055777,,,,39.64143426,,,,,,,,,,,,,,,,,,,,,
4_42,,164,Sarcopside,,,,,50.62059378,,6.245655844,3.544831695,,,,39.58891868,,,,,,,,,,,,,,,,,,,,,
4_44,,165,Archerite,,,,,,,,,,,33.23076923,66.76923077,,,,,,,,,,,,,,,,,,,,,
4_45,,166,Monazite-Ce,,,,,,,,,,,,29.49985025,,,,,,,,,,,,,,5.490665868,,,,,16.9212339,34.10202655,13.98622342
4_46,,167,Monazite-La,,,,,,,,,,,,29.5327476,,,,,,,,,,,,,,5.491214058,,,,,33.89576677,17.07268371,14.00758786
'4_47',,168,'Monazite-Nd',6.282090003,,,,,,,,,,,22.25913621,,,,,,,,,,,,,,5.516963656,,,,,17.03412866,13.73200443,35.17567704
4_48,,169,Xenotime,,,,,,,,,,,,38.6,,,,,,,,,,,,,,,,,,61.4,,,
5_1,,170,Chromite,,0.26355269,10.02513887,52.88286097,31.19247456,,,5.352146941,,,,,,,,0.283825974,,,,,,,,,,,,,,,,,
5_2,,171,Chromite,,,,67.9,32.1,,,,,,,,,,,,,,,,,,,,,,,,,,,,
5_3,,172,Hausmannite,,,,,,,99.7162811,,,,,,,,,,,,0.2837189,,,,,,,,,,,,,,
5_4,,173,Hausmannite,,,,,,,100,,,,,,,,,,,,,,,,,,,,,,,,,,
5_5,,174,Hercynite,,,58.66,,41.34,,,,,,,,,,,,,,,,,,,,,,,,,,,,
5_6,,175,Hercynite,,,60.7,,34.7,,0.2,4.3,0.1,,,,,,,,,,,,,,,,,,,,,,,,
5_7,,176,Maghemite or Ti-magnetite,0.328319529,14.2271796,1.969917176,,73.47791066,,0.803726208,9.192946821,,,,,,,,,,,,,,,,,,,,,,,,,
5_8,,177,Maghemite,,,,,100,,,,,,,,,,,,,,,,,,,,,,,,,,,,
5_9,,178,Magnesiochromite,,,,79.04,,,,20.96,,,,,,,,,,,,,,,,,,,,,,,,,
5_10,,179,Magnesiochromite,,0.168483647,10.20812686,58.5728444,11.7938553,0.039643211,,19.12784936,,,,,,,,0.089197225,,,,,,,,,,,,,,,,,
5_11,,180,Magnetite,,,,,100,,,,,,,,,,,,,,,,,,,,,,,,,,,,
5_12,,181,Magnetite,0.289621883,,0.225261464,,99.48511665,,,,,,,,,,,,,,,,,,,,,,,,,,,,
new,,182,Magnetite,0.27,0.01,0.21,0.01,92.745,,,,,,,,,,,,,,,,,,,,,,,,,,,,
fake,,183,Magnetite,,2.05,,1.95,97,,,,,,,,,,,,,,,,,,,,,,,,,,,,
5_13,,184,Spinel,0.020084354,0.050210886,70.37557743,,0.331391846,,,28.89134364,,,,,,,,,0.331391846,,,,,,,,,,,,,,,,
5_14,,185,Spinel,,,71.67,,,,,28.33,,,,,,,,,,,,,,,,,,,,,,,,,
5_15,,186,Spinel (ss),0.020084354,0.050210886,70.37557743,,0.331391846,,,28.89134364,,,,,,,,,0.331391846,,,,,,,,,,,,,,,,
5_16,,187,Spinel (ss),,,71.67,,,,,28.33,,,,,,,,,,,,,,,,,,,,,,,,,
5_17,,188,Ti-magnetite,0.0509494,14.38259093,1.836301277,0.110390366,81.9414948,,0.277164734,1.063568717,,,,,,,,0.337539772,,,,,,,,,,,,,,,,,
5_18,,189,Ulvospinel,0.205233453,26.98819908,1.436634171,,68.2914315,,0.718317086,1.847101077,,,,,,,,0.205233453,,,,,,,,,,,,,,,,,
5_19,,190,Ulvospinel,,35.73,,,64.27,,,,,,,,,,,,,,,,,,,,,,,,,,,,
5_20,,191,Wustite,0.140182237,0.010013017,0.010013017,0.030039051,99.69960949,,0.090117152,0.020026034,,,,,,,,,,,,,,,,,,,,,,,,,
5_21,,192,Ecandrewsite,,50.34655952,,,11.42139628,,7.674535409,,,,,,,,,,30.55750879,,,,,,,,,,,,,,,,
5_22,,193,Ecandrewsite,,50.79,,,9.14,,9.02,,,,,,,,,,31.05,,,,,,,,,,,,,,,,
5_23,,194,Geikielite,,66.46,,,,,,33.54,,,,,,,,,,,,,,,,,,,,,,,,,
5_24,,195,Geikielite,,67.5508576,,,3.799361787,,,28.64978061,,,,,,,,,,,,,,,,,,,,,,,,,
5_25,,196,Ilmenite,,52.65,,,47.35,,,,,,,,,,,,,,,,,,,,,,,,,,,,
5_26,,197,Ilmenite,0.019928655,52.42232807,0.059785966,0.009964328,44.60830228,,0.458359075,2.291795373,,,,,,,,0.12953626,,,,,,,,,,,,,,,,,
5_27,,198,Pyrophanite,,52.96,,,,,47.04,,,,,,,,,,,,,,,,,,,,,,,,,,
5_28,,199,Pyrophanite,1.57192033,50.2318085,,,1.038661281,,46.68006447,,,,,,,,,,,,,,,,,0.477545417,,,,,,,,,
5_29,,200,Rutile,,100,,,,,,,,,,,,,,,,,,,,,,,,,,,,,,,
5_30,,201,Rutile,,97.63770062,,,2.362299385,,,,,,,,,,,,,,,,,,,,,,,,,,,,
5_31,,202,Corundum,,,100,,,,,,,,,,,,,,,,,,,,,,,,,,,,,,
5_32,,203,Corundum,,,99.63985594,,0.360144058,,,,,,,,,,,,,,,,,,,,,,,,,,,,
5_33,,204,Hematite,,,,,100,,,,,,,,,,,,,,,,,,,,,,,,,,,,
5_34,,205,Hematite,,,,,99.04349466,,0.956505344,,,,,,,,,,,,,,,,,,,,,,,,,,
5_43,,206,Wustite,,,,,100,,,,,,,,,,,,,,,,,,,,,,,,,,,,
5_36,,207,Bixbyite,,,,,50.31779219,,49.68220781,,,,,,,,,,,,,,,,,,,,,,,,,,
5_37,,208,Manganosite,,,,,,,100,,,,,,,,,,,,,,,,,,,,,,,,,,
5_38,,209,Manganosite,,,,,0.397770888,,97.73798961,1.704732377,0.159507123,,,,,,,,,,,,,,,,,,,,,,,,
5_41,,210,Pyrolusite,,,0.055802866,,0.050222579,,99.89397456,,,,,,,,,,,,,,,,,,,,,,,,,,
5_42,,211,Pyrolusite,,,,,,,100,,,,,,,,,,,,,,,,,,,,,,,,,,
5_39,,212,Periclase,,,,,5.980166283,,,94.01983372,,,,,,,,,,,,,,,,,,,,,,,,,
5_40,,213,Periclase,,,,,,,,100,,,,,,,,,,,,,,,,,,,,,,,,,
5_44,,214,Blodite',,,,,0.092210753,,,15.48372224,,23.0526882,,,60.97436029,,0.397018519,,,,,,,,,,,,,,,,,,
5_45,,215,Blodite',,,,,,,,15.37088963,,23.61712975,,,61.01198063,,,,,,,,,,,,,,,,,,,,
5_46,,216,Cuprite,,,,,,,,,,,,,,,,,,,,,,,100,,,,,,,,,,
5_47,,217,Eskolaite,0.200692389,,0.190657769,94.45587276,0.496713662,,0.030103858,0.030103858,,,,,,,,4.595855702,,,,,,,,,,,,,,,,,
5_48,,218,Eskolaite,,,,100,,,,,,,,,,,,,,,,,,,,,,,,,,,,,
5_49,,219,Hollandite,0.79805075,,1.368086999,,12.48721409,,62.57940035,,,0.4104261,,,,,,,,,16.39424254,,,5.962579172,,,,,,,,,,,
5_50,,220,Hollandite,0.659765744,,1.649414361,,12.93027106,,63.06790616,,,0.659765744,0.261631244,,,,,,,,15.70924988,,,5.061995798,,,,,,,,,,,
5_51,,221,Vernadite,,,,,21.42229165,,65.23435894,,8.586155272,4.757194137,,,,,,,,,,,,,,,,,,,,,,,
5_53,,222,Akaganeite,,,,,87.79681763,4.798041616,,,,,,,,,7.405140759,,,,,,,,,,,,,,,,,,
5_54,,223,Amakinite,,,3.430296378,,76.61909989,,4.03402854,15.91657519,,,,,,,,,,,,,,,,,,,,,,,,,
5_55,,224,Amakinite,0.586614281,,0.436550162,,80.24610515,,4.952115904,13.7786145,,,,,,,,,,,,,,,,,,,,,,,,,
5_56,,225,aurorite,,,,,,,84.3793861,,3.806931922,,,,,,,,,,,,,,,,,,,,11.81368198,,,,
5_57,,226,aurorite,0.148298264,,0.202224905,,0.08493446,0.040444981,76.6322381,0.161779924,3.37041509,0.094371623,1.4964643,,,,,,0.337041509,,4.13886973,,,1.752615847,1.429055998,,,,,,10.11124527,,,,
5_58,,227,Birnessite,1.200595495,,,,0.733697247,1.067195996,82.51132562,8.270768968,0.520258048,2.53459049,2.401190991,,,,0.133399499,,,0.186759299,,,,,0.440218348,,,,,,,,,,
5_60,,228,Brucite,,,,,0.130020225,,1.213522103,98.65645767,,,,,,,,,,,,,,,,,,,,,,,,,
5_61,,229,Brucite,,,,,,,,100,,,,,,,,,,,,,,,,,,,,,,,,,
5_62,,230,Diaspore,,,100,,,,,,,,,,,,,,,,,,,,,,,,,,,,,,
5_63,,231,Diaspore,0.493989791,,99.31547129,,0.190538919,,,,,,,,,,,,,,,,,,,,,,,,,,,,
5_64,,232,Gibbsite,,,100,,,,,,,,,,,,,,,,,,,,,,,,,,,,,,
5_65,,233,Gibbsite,1.557773745,,98.18511797,,,,,,0.257108288,,,,,,,,,,,,,,,,,,,,,,,,
5_66,,234,Goethite,,,,,100,,,,,,,,,,,,,,,,,,,,,,,,,,,,
5_67,,235,Goethite,0.444197668,,,,99.55580233,,,,,,,,,,,,,,,,,,,,,,,,,,,,
5_68,,236,Janggunite,,,,,3.37235359,,96.62764641,,,,,,,,,,,,,,,,,,,,,,,,,,
5_69,,237,Janggunite,,,,,4.945083478,,95.01557616,,,,,,,,,,,,,,,0.039340362,,,,,,,,,,,
5_70,,238,Lepidocrocite,,,,,100,,,,,,,,,,,,,,,,,,,,,,,,,,,,
5_71,,239,Lepidocrocite,,,,,100,,,,,,,,,,,,,,,,,,,,,,,,,,,,
5_72,,240,Manganite,,,,,,,100,,,,,,,,,,,,,,,,,,,,,,,,,,
5_73,,241,Manganite,,,0.373041532,,,,98.91817956,,0.124347177,0.27356379,,,,,,,,,0.186520766,,,0.124347177,,,,,,,,,,,
5_74,,242,Pyrochroite,,,,,,,100,,,,,,,,,,,,,,,,,,,,,,,,,,
5_75,,243,Pyrochroite,,,,,0.503778338,,97.35516373,2.141057935,,,,,,,,,,,,,,,,,,,,,,,,,
5_76,,244,Takanelite,4.512824923,,2.125153011,,1.507608548,,88.1291453,0.275019801,3.325239417,0.0625045,0.0625045,,,,,,,,,,,,,,,,,,,,,,
5_77,,245,Takanelite,,,,,,,98.40963146,,1.590368538,,,,,,,,,,,,,,,,,,,,,,,,
5_78,,246,Vernadite,1.22544289,2.297705419,1.531803613,,14.43418545,1.455213432,59.75492368,4.013325466,3.293377768,3.507830274,0.919082168,,,,1.822846299,,,5.22345032,,,,0.520813228,,,,,,,,,,,
6_1,,247,Antarcticite,,,,,,,,,44.15225368,,,,,,55.84774632,,,,,,,,,,,,,,,,,,
6_2,,248,Antarcticite,,,,,,,,1.165402705,41.9754886,0.785666897,0.016519986,,,,56.05692181,,,,,,,,,,,,,,,,,,
6_3,,249,Chloromagnesite,,,,,,,,36.24214163,,,,,,,63.75785837,,,,,,,,,,,,,,,,,,
6_9,,250,Halite,,,,,,,,0.043770053,0.098494358,46.25810093,0.127193404,,0.43942369,,53.03301756,,,,,,,,,,,,,,,,,,
6_10,,251,Halite,,,,,,,,,,46.64385511,,,,,53.35614489,,,,,,,,,,,,,,,,,,
6_11,,252,Lawrencite,,,,,37.55994394,13.01346127,,,,,,,,,49.42659479,,,,,,,,,,,,,,,,,,
6_12,,253,molysite,,,,,40.32418067,,,,,,,,,,59.67581933,,,,,,,,,,,,,,,,,,
6_13,,254,Molysite,,,,,40.32418067,,,,,,,,,,59.67581933,,,,,,,,,,,,,,,,,,
6_14,,255,Scacchite,,,,,,,50.01542138,,,,,,,,49.98457862,,,,,,,,,,,,,,,,,,
6_16,,256,Sylvite,,,,,,,,,,,57.0579374,,,,42.9420626,,,,,,,,,,,,,,,,,,
7_1,,257,Albite,68.74,,19.44,,,,,,,11.82,,,,,,,,,,,,,,,,,,,,,,,
7_2,,258,Albite,68.49765726,,19.56933506,,,,,,0.219320108,11.68378028,0.029907287,,,,,,,,,,,,,,,,,,,,,,
7_3,,259,Anorthite,44.83313437,,34.23989204,,,,,,20.92697358,,,,,,,,,,,,,,,,,,,,,,,,
7_4,,260,Anorthite,45.79436454,0.03992534,34.24596005,,0.745605717,,,,18.2458802,0.818469462,0.109794684,,,,,,,,,,,,,,,,,,,,,,
7_5,,261,Plagioclase An10-30,66.04,,21.26,,,,,,2.13,10.57,,,,,,,,,,,,,,,,,,,,,,,
7_6,,262,Plagioclase An10-30,64.81629393,,22.16453674,,,,,,2.635782748,9.704472843,0.678913738,,,,,,,,,,,,,,,,,,,,,,
7_7,,263,Plagioclase An30-50,60.76,,24.82,,,,,,6.3,8.12,,,,,,,,,,,,,,,,,,,,,,,
7_8,,264,Plagioclase An30-50,57.79343288,,25.9312781,,0.830924855,,,,8.479849069,6.412572254,0.551942839,,,,,,,,,,,,,,,,,,,,,,
7_9,,265,Plagioclase An50-70,55.59,,28.3,,,,,,10.38,5.73,,,,,,,,,,,,,,,,,,,,,,,
7_10,,266,Plagioclase An50-70,53.03151656,,29.44415522,,0.684794361,,,,12.60462136,3.974610548,0.26030195,,,,,,,,,,,,,,,,,,,,,,
7_11,,267,Plagioclase An70-90,49.17654842,,32.21635276,,0.243577278,,,0.200475126,15.41653719,2.57610537,0.170403857,,,,,,,,,,,,,,,,,,,,,,
7_12,,268,Plagioclase An70-90,45.62,,35.02,,,,,,18.24,1.12,,,,,,,,,,,,,,,,,,,,,,,
7_13,,269,Sanidine,65.70540062,,18.58869879,,,,,,,2.819802614,12.88609797,,,,,,,,,,,,,,,,,,,,,,
7_14,,270,Sanidine,64.73820943,,18.48521183,,,,,,,,16.77657874,,,,,,,,,,,,,,,,,,,,,,
7_15,,271,Cancrinite,38.24443034,,32.67755547,,0.030061124,,,0.01113375,9.029471036,19.66220203,0.111337497,,,,0.233808744,,,,,,,,,,,,,,,,,,
7_16,,272,Cancrinite,37.37450895,,31.71104321,,,,,,11.6324749,19.28197294,,,,,,,,,,,,,,,,,,,,,,,
7_17,,273,Leucite,54.97326849,0.030205093,22.12019613,,0.947433071,,,,0.100683642,0.231572376,21.59664119,,,,,,,,,,,,,,,,,,,,,,
7_18,,274,Leucite,55.06,,23.36,,,,,,,,21.58,,,,,,,,,,,,,,,,,,,,,,
7_19,,275,Nepheline,41.0971223,,34.95203837,,,,,,,15.89728217,8.053557154,,,,,,,,,,,,,,,,,,,,,,
7_20,,276,Nepheline,43.69857516,,34.77824604,,,,,0.05017058,4.455147502,12.13124624,4.886614489,,,,,,,,,,,,,,,,,,,,,,
7_21,,277,Sodalite,36.59256345,,31.04465867,,,,,,,25.16230572,,,,,7.200472162,,,,,,,,,,,,,,,,,,
7_22,,278,Sodalite,37.40021681,,30.96481719,,0.384350054,,0.078841037,,,23.8099931,0.049275648,,0.088696166,,7.223809993,,,,,,,,,,,,,,,,,,
7_23,,279,Clinoptilolite-Ca,75.8056872,,14.7985782,,,,,0.296208531,4.609004739,2.357819905,2.132701422,,,,,,,,,,,,,,,,,,,,,,
7_24,,280,Clinoptilolite-K,73.63636364,,13.86068477,,0.094451004,,0.035419126,0.318772137,0.094451004,1.097992916,9.268004723,,,,,,,,,1.593860685,,,,,,,,,,,,,
7_25,,281,Clinoptilolite-Na,75.57963416,,14.51706862,,0.093207503,,0.034952814,,1.479669113,5.044856111,2.656413841,,,,,,,,0.594197833,,,,,,,,,,,,,,
7_26,,282,Clinoptilolite-Na,77.86611438,,13.23935507,,0.020042758,,,0.523338678,1.191430608,3.295920185,3.863798325,,,,,,,,,,,,,,,,,,,,,,
7_27,,283,Heulandite-Ca,68.08153477,,20.27577938,,,,,0.011990408,8.501199041,1.654676259,0.863309353,,,,,,,,0.395683453,0.215827338,,,,,,,,,,,,,
7_28,,284,Heulandite-K,65.94067022,,19.1836146,,1.665945478,,,1.069762969,3.81027934,1.23804029,4.687725371,,,,,,,,,2.403961729,,,,,,,,,,,,,
7_29,,285,Heulandite-Na,71.66241003,,17.01880659,,,,,,4.225679127,5.258880892,1.102855816,,,,,,,,0.731367541,,,,,,,,,,,,,,
7_30,,286,Heulandite-Ca,64.54378445,,21.69014085,,,,,,9.503980404,2.927127985,1.33496632,,,,,,,,,,,,,,,,,,,,,,
7_31,,287,Stilbite-Ca,71.73006135,,17.38650307,,,,,,9.558282209,1.325153374,,,,,,,,,,,,,,,,,,,,,,,
7_32,,288,Stilbite-Ca,71.57198825,,17.3842,,,,,,9.757590597,1.322233105,,,,,,,,,,,,,,,,,,,,,,,
7_33,,289,Heulandite-Na,71.55648228,,17.34330921,,,,,,7.150742058,3.949466454,,,,,,,,,,,,,,,,,,,,,,,
7_34,,290,Fayalite,29.95280651,,,,69.76604077,,0.281152726,,,,,,,,,,,,,,,,,,,,,,,,,,
7_35,,291,Fayalite,29.49,,,,70.51,,,,,,,,,,,,,,,,,,,,,,,,,,,,
7_36,,292,Forsterite,42.71,,,,,,,57.29,,,,,,,,,,,,,,,,,,,,,,,,,
7_37,,293,Forsterite,41.44645341,,,,1.102722035,,,57.45082456,,,,,,,,,,,,,,,,,,,,,,,,,
7_38,,294,Olivine Fo93,41.18409249,,,,7.266022127,0.328914582,,51.2209708,,,,,,,,,,,,,,,,,,,,,,,,,
7_45,,295,Almandine,36.21,,20.49,,43.3,,,,,,,,,,,,,,,,,,,,,,,,,,,,
7_46,,296,Almandine,37.20138896,0.159192892,20.61547952,,36.92976609,,0.855661795,3.830578965,0.407931786,,,,,,,,,,,,,,,,,,,,,,,,
7_39,,297,Pyrope,44.71,,25.29,,,,,30,,,,,,,,,,,,,,,,,,,,,,,,,
7_40,,298,Pyrope,44.85119048,,25.34722222,,0.902777778,,0.01984127,28.60119048,0.277777778,,,,,,,,,,,,,,,,,,,,,,,,
7_41,,299,Spessartine,35.71934081,,21.73693256,,,,41.5124861,,1.031240522,,,,,,,,,,,,,,,,,,,,,,,,
7_42,,300,Spessartine,36.41,,20.6,,,,42.99,,,,,,,,,,,,,,,,,,,,,,,,,,
'7_43',,301,'Andradite',36.62061988,,,,29.19531686,,,,34.18406327,,,,,,,,,,,,,,,,,,,,,,,,
7_48,,302,Grossular,39.51337221,,22.04906495,0.130705811,1.005429318,,,,37.30142771,,,,,,,,,,,,,,,,,,,,,,,,
7_44,,303,Uvarovite,34.97087379,,,29.48543689,,,,,35.54368932,,,,,,,,,,,,,,,,,,,,,,,,
7_49,,304,Grossular,40.02,,22.63,,,,,,37.35,,,,,,,,,,,,,,,,,,,,,,,,
7_50,,305,Kyanite/sillimanite/andalusite,36.52295131,,63.00906104,0.059743105,0.368415812,,,0.019914368,0.009957184,,0.009957184,,,,,,,,,,,,,,,,,,,,,,
7_51,,306,Kyanite/sillimanite/andalusite,37.08,,62.92,,,,,,,,,,,,,,,,,,,,,,,,,,,,,,
7_53,,307,Zircon,32.6186222,,,,,,,,,,,,,,,,,,,,,,,,,0.009926544,66.22989875,1.141552511,,,,,
7_54,,308,Actinolite,56.08088077,0.194228351,2.688529282,,11.27853368,,0.173783262,16.46851967,12.29772139,0.817803584,,,,,,,,,,,,,,,,,,,,,,,
7_55,,309,Actinolite,56.07277162,0.172781787,2.734017685,,11.25114341,,0.182945421,16.47525155,12.27767049,0.83341803,,,,,,,,,,,,,,,,,,,,,,,
'7_56',,310,'Edenite',51.53311529,,6.244889616,,,,,24.69337694,13.736713,3.791905151,,,,,,,,,,,,,,,,,,,,,,,
'7_57',,311,'Ferro-edenite',43.18598493,,5.235282135,,36.88123854,,,,11.51965777,3.177836627,,,,,,,,,,,,,,,,,,,,,,,
7_58,,312,Ferro-hornblende,46.25,,9.8125,,31.60416667,,,,12.33333333,,,,,,,,,,,,,,,,,,,,,,,,
7_59,,313,Ferro-hornblende,45.88747223,1.278033046,10.92413961,,19.98093094,,0.760733956,9.027376279,10.35612492,1.359178002,0.426011015,,,,,,,,,,,,,,,,,,,,,,
7_60,,314,ferro-richterite,53.71226962,,,,24.08180429,,,9.01426652,6.266602394,6.925057179,,,,,,,,,,,,,,,,,,,,,,,
7_61,,315,kaersutite,42.58323884,9.432017318,12.03999588,,,,,19.0392743,13.24605711,3.659416555,,,,,,,,,,,,,,,,,,,,,,,
,,316,hastingsite,36.38311297,,10.29037216,,36.25423227,,,,11.31917725,3.127602593,,,,,,,,,,,,,,,,,,,,,,,
7_62,,318,Magnesio-hastingsite,42.98957485,,12.15752189,,8.565948627,,,19.22105241,13.37430525,3.691596977,,,,,,,,,,,,,,,,,,,,,,,
7_63,,319,Magnesio-hastingsite,40.94939246,3.871081263,10.50861707,,14.16170562,,0.078203662,14.45790199,11.4959383,2.776229997,1.700929646,,,,,,,,,,,,,,,,,,,,,,
7_64,,320,Magnesio-hornblende,50.13521947,1.040149782,10.40149782,,14.3020595,,0.176825463,10.4639068,11.01518619,2.038693572,0.42646141,,,,,,,,,,,,,,,,,,,,,,
7_65,,321,Magnesio-hornblende,52.50263948,,11.13195363,,2.241766352,,,20.12156995,14.00207058,,,,,,,,,,,,,,,,,,,,,,,,
7_66,,322,Pargasite,42.44714534,,18.00633235,,8.456745991,,,14.23756511,13.20600552,3.646205699,,,,,,,,,,,,,,,,,,,,,,,
7_67,,323,Pargasite,47.96426114,0.099717799,11.01881675,,2.246642003,,,20.54186652,12.46472483,2.532832085,1.236500703,,,1.894638174,,,,,,,,,,,,,,,,,,,
7_68,,324,Potassic-richterite,59.1761451,,,,,,,24.80786966,6.906445333,4.764832462,4.34470745,,,,,,,,,,,,,,,,,,,,,,
7_69,,325,Richterite,55.68147014,,,,16.64114344,,,14.0071465,6.493108729,7.177131189,,,,,,,,,,,,,,,,,,,,,,,
7_70,,326,Tremolite,57.83662202,0.010223903,1.441570392,,0.081791228,,0.03067171,24.95654841,12.52428177,1.472242102,0.695225437,,,1.55403333,0.051119517,,,,,,,,,,,,,,,,,,
7_71,,327,Tremolite,60.50720933,,,,,,,25.3706923,14.12209837,,,,,,,,,,,,,,,,,,,,,,,,
'7_72',,328,'Winchite',58.02199621,,1.976141454,,4.907245507,,0.693201453,21.37543584,8.856424529,3.600509037,0.569045969,,,,,,,,,,,,,,,,,,,,,,
'7_73',,329,'Winchite',58.01809211,,1.963404605,,4.903371711,,0.709292763,21.36101974,8.840460526,3.618421053,0.5859375,,,,,,,,,,,,,,,,,,,,,,
7_74,,330,Anthophyllite,63.01566179,,,,,,,36.98433821,,,,,,,,,,,,,,,,,,,,,,,,,
7_76,,331,Arfvedsonite,51.52265743,,,,38.50786766,,,,,9.969474907,,,,,,,,,,,,,,,,,,,,,,,
7_78,,332,Cummingtonite,63.01566179,,,,,,,36.98433821,,,,,,,,,,,,,,,,,,,,,,,,,
7_80,,333,Ferro-anthophyllite,48.87,,,,51.13,,,,,,,,,,,,,,,,,,,,,,,,,,,,
7_81,,334,Glaucophane,62.79426817,,13.31627431,,,,,15.79324463,,8.096212897,,,,,,,,,,,,,,,,,,,,,,,
7_82,,335,Grunerite,48.86965377,,,,51.13034623,,,,,,,,,,,,,,,,,,,,,,,,,,,,
7_83,,336,Riebeckite1,52.9,0.57,0.12,0.04,33.43,,,2.96,0.12,6.85,0.03,,,,,,,,,,,,,,,,,,,,,,
,,337,Riebeckite2,51.36,,,,38.384,,,,,6.62,,,,,,,,,,,,,,,,,,,,,,,
7_84,,338,Aegirine,53.05080893,1.136434076,2.221212059,,28.962539,,,0.103312189,1.29140236,13.0793231,0.154968283,,,,,,,,,,,,,,,,,,,,,,
7_85,,339,Aegirine,53.88216772,,,,32.21743454,,,,,13.90039775,,,,,,,,,,,,,,,,,,,,,,,
7_86,,340,Augite,52.08417075,0.492402926,3.085055069,,8.493448026,,0.170833668,16.0784629,19.30420452,0.271324061,0.020098079,,,,,,,,,,,,,,,,,,,,,,
7_87,,341,Augite,46.26436782,3.237547893,8.266283525,,5.823754789,,,14.70306513,20.45019157,1.254789272,,,,,,,,,,,,,,,,,,,,,,,
,,342,aegerine-augite,52.69,,,,15.755,,,8.84,18.44,3.4,,,,,,,,,,,,,,,,,,,,,,,
7_88,,343,Diopside,55.49,,,,,,,18.61,25.9,,,,,,,,,,,,,,,,,,,,,,,,
7_89,,344,Diopside,54.6261318,,0.069956627,,0.681577422,,0.019987608,18.76836361,25.83398293,,,,,,,,,,,,,,,,,,,,,,,,
7_90,,345,Hedenbergite,49.14608674,,0.645042388,,25.84060286,,0.829340214,2.170618831,20.83589303,0.348118114,0.184297825,,,,,,,,,,,,,,,,,,,,,,
7_91,,346,Hedenbergite,48.44,,,,28.96,,,,22.6,,,,,,,,,,,,,,,,,,,,,,,,
7_92,,347,Jadeite,59.16709244,0.080145063,24.664643,,0.549995492,,0.030054398,0.170308258,0.350634649,14.97710857,0.010018133,,,,,,,,,,,,,,,,,,,,,,
7_93,,348,Jadeite,58.84479071,,22.46965392,,3.51502495,,,,,15.17053042,,,,,,,,,,,,,,,,,,,,,,,
7_94,,349,Pigeonite,54.69453055,,,,17.98820118,,,24.76752325,2.549745025,,,,,,,,,,,,,,,,,,,,,,,,
,,350,pigeonite2,50.56,0.58,1.41,,23.278,,,16.1,7.05,0.26,0.02,,,,,,,,,,,,,,,,,,,,,,
,,351,opx,51.47,0.29,1.56,,22.998,,0.52,21.68,1.45,0.07,0.03,,,,,,,,,,,,,,,,,,,,,,
,,352,omphacite1,54.08,0.14,9.2,,2.927,,,11.51,17.5,4.2,0.04,,,,,,,,,,,,,,,,,,,,,,
7_95,,353,Orthopyroxene,51.43502418,0.289802934,1.558939921,,22.98237199,,0.51964664,21.66526762,1.44901467,0.069952432,0.029979614,,,,,,,,,,,,,,,,,,,,,,
7_96,,354,Enstatite,59.85,,,,,,,40.15,,,,,,,,,,,,,,,,,,,,,,,,,
7_97,,355,Enstatite,58.63949944,,0.882400128,0.250681855,4.590486122,,0.020054548,34.8046687,0.501363709,0.230627306,0.080218193,,,,,,,,,,,,,,,,,,,,,,
7_98,,356,Ferrosilite,44.68020917,0.120675784,2.976669348,,45.79646018,,1.206757844,3.399034594,1.699517297,0.070394208,0.050281577,,,,,,,,,,,,,,,,,,,,,,
7_99,,357,Hypersthene,51.72482752,,,,30.92690731,,,17.34826517,,,,,,,,,,,,,,,,,,,,,,,,,
7_100,,358,Rhodonite,46.59056774,,,,1.111444878,,49.50435566,0.620807049,2.172824672,,,,,,,,,,,,,,,,,,,,,,,,
7_101,,359,Wollastonite,51.02409639,,,,0.180722892,,0.030120482,0.220883534,48.35341365,0.120481928,0.070281124,,,,,,,,,,,,,,,,,,,,,,
7_102,,360,Wollastonite,50.03984064,,0.458167331,,5.517928287,,8.12749004,0.069721116,35.78685259,,,,,,,,,,,,,,,,,,,,,,,,
7_52,,361,Annite,35.65954838,,11.13722285,,36.97762338,,1.808521508,3.473996117,0.153264535,,8.276284868,,,2.268315112,0.245223255,,,,,,,,,,,,,,,,,,
7_103,,362,Annite,36.49461028,,10.32338308,,43.64635158,,,,,,9.535655058,,,,,,,,,,,,,,,,,,,,,,
7_104,,363,Biotite,37.56865996,3.513317442,14.40563789,,21.69136698,,0.507824645,12.22924655,,0.103637683,9.918126231,,,,0.06218261,,,,,,,,,,,,,,,,,,
7_105,,364,Celadonite,59.51027779,,1.264141924,,19.57295374,,,7.988527115,,,11.66409943,,,,,,,,,,,,,,,,,,,,,,
7_106,,365,Celadonite,59.36736023,,0.843377353,,20.80793415,,0.096080964,7.750531114,0.224188917,0.202837591,10.70768968,,,,,,,,,,,,,,,,,,,,,,
7_107,,366,Ferroaluminoceladonite,58.58037578,,12.4217119,,17.51565762,,,,,,11.4822547,,,,,,,,,,,,,,,,,,,,,,
7_108,,367,Phlogopite,45.14807813,,12.77042638,,,,,30.28775467,,,11.79374081,,,,,,,,,,,,,,,,,,,,,,
7_109,,368,Phlogopite,41.53891801,0.217584809,12.56057759,,0.247255464,0.019780437,0.079121749,28.28602512,0.039560874,1.17693601,8.367124913,,,5.785777866,,,,,1.681337158,,,,,,,,,,,,,,
7_110,,369,Illite,64.87687688,,20.44444444,,2.222222222,,,3.735735736,,,8.720720721,,,,,,,,,,,,,,,,,,,,,,
7_111,,370,Margarite,31.61202472,,53.63988688,,,,,,14.7480884,,,,,,,,,,,,,,,,,,,,,,,,
7_112,,371,Muscovite,47.4025974,,40.21784667,,,,,,,,12.37955593,,,,,,,,,,,,,,,,,,,,,,
7_113,,372,Muscovite,48.09184315,,40.56405955,,,,,0.104843783,,0.67100021,10.5682533,,,,,,,,,,,,,,,,,,,,,,
7_114,,373,Paragonite,49.49102739,,41.99811103,,,,,,,8.51086158,,,,,,,,,,,,,,,,,,,,,,,
7_115,,374,Paragonite,49.18050011,,42.08867409,,,,,0.682916579,1.323807523,6.724101702,,,,,,,,,,,,,,,,,,,,,,,
7_116,,375,Siderophyllite,25.9042442,,32.97093874,,30.97428392,,,,,,10.15053314,,,,,,,,,,,,,,,,,,,,,,
7_117,,376,Siderophyllite,36.4887206,,17.63105968,,34.45682897,,0.970614901,1.429257106,0.511972695,1.525251987,6.932963575,,,0.085328782,,,,,,,,,,,,,,,,,,,
7_118,,377,Minnesotaite,54.62775588,0.042603046,0.649696453,,37.76760038,,0.127809138,6.667376717,,0.085206092,0.031952285,,,,,,,,,,,,,,,,,,,,,,
7_119,,378,Minnesotaite,52.46,,,,39.21,,,4.4,,,,,,,,,,,,,,,,,,,,,,,,,
7_120,,379,Talc,63.46824474,,1.690795731,,1.838740357,,,32.57952024,0.422698933,,,,,,,,,,,,,,,,,,,,,,,,
7_121,,380,Talc,66.53018373,,,,,,,33.46981627,,,,,,,,,,,,,,,,,,,,,,,,,
7_122,,381,Pyrophyllite,69.89361251,,29.9347264,,0.171661086,,,,,,,,,,,,,,,,,,,,,,,,,,,,
7_123,,382,Pyrophyllite,70.21052632,,29.78947368,,,,,,,,,,,,,,,,,,,,,,,,,,,,,,
7_124,,383,Chamosite,30.34131181,,17.16061666,,42.32467663,,,10.1733949,,,,,,,,,,,,,,,,,,,,,,,,,
7_125,,384,Chamosite,30.07518797,,20.76782866,,35.31556163,,0.045568467,12.9300524,0.4784689,0.193665983,0.193665983,,,,,,,,,,,,,,,,,,,,,,
7_126,,385,Clinochlore,34.4521561,,19.49027193,,17.16918876,,,28.88838321,,,,,,,,,,,,,,,,,,,,,,,,,
7_127,,386,Clinochlore,38.9903763,,14.92537313,,5.814556561,,,40.269694,,,,,,,,,,,,,,,,,,,,,,,,,
7_128,,387,Antigorite,49.85057471,,,,,,,50.14942529,,,,,,,,,,,,,,,,,,,,,,,,,
7_129,,388,Antigorite,48.649722,,0.116806055,,3.21450264,,0.058403028,47.96056628,,,,,,,,,,,,,,,,,,,,,,,,,
7_130,,389,Lizardite,50.66925981,0.034321016,2.493993822,,0.514815239,,,46.2532891,0.034321016,,,,,,,,,,,,,,,,,,,,,,,,
7_131,,390,Lizardite,48.23673379,,,,,,,51.76326621,,,,,,,,,,,,,,,,,,,,,,,,,
7_132,,391,Kaolinite,54.09645555,,45.90354445,,,,,,,,,,,,,,,,,,,,,,,,,,,,,,
7_133,,392,Kaolinite,52.8727936,,45.6576198,,0.800018471,,,0.161619893,0.473315401,,0.034632834,,,,,,,,,,,,,,,,,,,,,,
'7_134',,393,'Beidellite',58.91069804,,36.18874301,,0.818926297,,,0.207981282,3.587677109,0.129988301,0.155985961,,,,,,,,,,,,,,,,,,,,,,
'7_135',,394,'Beidellite',59.53273088,,36.08111087,,,,,,,4.386158254,,,,,,,,,,,,,,,,,,,,,,,
'7_137',,395,'Hectorite',66.4793809,,,,,,,30.09646984,,3.424149263,,,,,,,,,,,,,,,,,,,,,,,
7_138,,396,Nontronite,46.91533299,,13.26794011,,37.40320083,,,,,2.413526071,,,,,,,,,,,,,,,,,,,,,,,
7_141,,397,Saponite,49.15921462,,12.33232893,,9.834272939,,0.291601866,25.16281104,2.357115086,0.303751944,0.388802488,0.170101089,,,,,,,,,,,,,,,,,,,,,
,,398,Saponite New1,40.46,,10.15,,8.094,,0.24,20.71,1.94,0.25,0.32,,,,,,,,,,,,,,,,,,,,,,
7_142,,399,Sauconite,37.19315052,,10.51371093,,,,,,,1.915938211,,,,,,,50.37720034,,,,,,,,,,,,,,,,
7_143,,400,Sauconite,33.4,0.15,7.45,,1.92203,,,0.78,1.92,0.22,0.27,,,,,,33.4,,,,,,,,,,,,,,,,
'7_144',,401,'Vermiculite',44.79507408,,17.92059522,,7.88275287,,,26.13045988,2.758001411,0.410493233,0.102623308,,,,,,,,,,,,,,,,,,,,,,
7_147,,402,Montmorillonite,67.87098775,,28.79516204,,,,,,1.581640564,1.752209645,,,,,,,,,,,,,,,,,,,,,,,
7_148,,403,Palygorskite,73.65435523,,7.815454431,,,,,18.53019034,,,,,,,,,,,,,,,,,,,,,,,,,
7_149,,404,Sepiolite,67.07465089,,0.766567439,,4.332383641,,,27.2259202,0.600477827,,,,,,,,,,,,,,,,,,,,,,,,
7_150,,405,Sepiolite,69.09610132,,,,,,,30.90389868,,,,,,,,,,,,,,,,,,,,,,,,,
12,,406,Greenalite,34.7,,0.9,,47.3,,0.15,0.98,,,,,,,,,,,,,,,,,,,,,,,,,
13,,407,Greenalite,36.5,,0.25,,40.2,,8.71,3.75,,,,,,,,,,,,,,,,,,,,,,,,,
14,,408,Hisingerite,35.08,,1.38,,38.84,,,0.35,0.36,,,,,,,,,,,,,,,,,,,,,,,,
15,,409,Hisingerite (pure),34.15,,,,40.84,,,,,,,,,,,,,,,,,,,,,,,,,,,,
,,410,Staurolite,27.82,0.32,54.91,0.01,12.78,,0.22,0.62,,,,,,,,,0.19,,,,,,,,,,,,,,,,
,,411,Cordierite,50.2,0.008,33.5,,0.966,,0.06,12.8,0.23,0.26,0.14,,,,,,,,,,,,,,,,,,,,,,
,,412,Cordierite,49.46,0.01,33.58,,0.267,,0.08,12.06,0.03,0.14,0.3,,,,,,,,,,,,,,,,,,,,,,
,,413,anorthoclase,67.7,,19.15,,,,,,,8.73,4.42,,,,,,,,,,,,,,,,,,,,,,
,,414,baddeleyite,0.19,,,,0.738073807,,,,0.06,,,,,,,,,,,,,,,,,,98.9,,,,,,
,,415,baddeleyite,0.08,0.56,,,1.3,,,,,,,,,,,,,,,,,,,,,,97.8,,,,,,
,,416,botryogen,,,,,17.56075608,,,9.35,,,,,38.37,,,,,,,,,,,,,,,,,,,,
,,417,botryogen,,,,,17.35373537,,,9.64,,,,,38.55,,,,,,,,,,,,,,,,,,,,
,,418,cerussite,,,,,,,,,,,,,,,,,,,,,,83.27,,,,,,,,,,,
,,419,cerussite,,,,,,,,,,,,,,,,,,,,,,83.53,,,,,,,,,,,
,,420,chalcocyanite/dolerophanite or Cu-hydroxyl-Sulfate,,,,,,,,,,,,,50.3,,,,,,,,,,49.47,,,,,,,,,,
,,421,chalcocyanite/dolerophanite or Cu-hydroxyl-Sulfate,,,,,,,,,,,,,50.16,,,,,,,,,,49.84,,,,,,,,,,
,,422,D`ansite-(Fe),,,,,4.18,,,0.12,,39.12,,,49.91,,6.81,,,,,,,,,,,,,,,,,,
,,423,ferrisepiolite,49.12,,,,22.42779478,,0.23,9.77,0.32,0.08,,,,,,,,,,,,,,,,,,,,,,,
,,424,gedrite,40.71,0.29,18.73,,25.2000081,,0.14,10.66,0.05,1.59,0.06,,,,,,,,,,,,,,,,,,,,,,
,,425,gedrite,43.46,0.58,14.18,,20.35,,0.49,15.17,0.78,2.02,0.05,,,,,,,,,,,,,,,,,,,,,,
,,426,gorgeyite,,,,,,,,,31.02,0.15,10.77,,54.45,,,,,,,1.2,,,,,,,,,,,,,
,,427,gorgeyite,,,,,,,,,32.12,,10.79,,55.03,,,,,,,,,,,,,,,,,,,,
,,428,isoclasite,,,,,,,,,49.16,,,31.11,,,,,,,,,,,,,,,,,,,,,
,,429,ivsite,,,,,,,,,,33.82,,,63.06,,,,,,,,,,,,,,,,,,,,
,,430,kutnohorite,,,,,0.5,,28.31,2.21,27.44,,,,,,,,,,,,,,,,,,,,,,,,
,,431,kutnohorite,,,,,,,32.99,,26.08,,,,,,,,,,,,,,,,,,,,,,,,
,,432,magnesiocopiapite,,,,,25.21846985,,,3.26,,,,,39.47,,,,,,,,,,,,,,,,,,,,
,,433,magnesiocopiapite,,,,,23.59135914,,,3.31,,,,,39.43,,,,,,,,,,,,,,,,,,,,
,,434,sekaninaite,45.1,0.04,30.63,,18.66908191,,0.92,1.69,0.39,0.68,0.03,,,,,,,,,,,,,,,,,,,,,,
,,435,smithsonite,,,,,,,,0.04,0.35,,,,,,,,64.55,,,,,,,,,,,,,,,,
,,436,smithsonite,,,,,,,,,,,,,,,,,64.9,,,,,,,,,,,,,,,,
,,437,syngenite,,,,,,,,0.64,16.97,,28.03,,49.04,,,,,,,,,,,,,,,,,,,,
,,438,syngenite,,,,,,,,,17.08,,28.68,,48.75,,,,,,,,,,,,,,,,,,,,
,,439,trinepheline,41.76,,36.19,,0.06,,,0.01,0.1,21.68,0.08,,,,,,,,,,,,,,,,,,,,,,
,,440,tuite,,0.06,,,0.28,0.08,,3.27,46.62,2.57,0.03,47.16,,,,,,,,,,,,,,,,,,,,,
,,441,witherite,,,,,,,,,0.08,,,,,,,,,,77.15,0.68,,,,,,,,,,,,,
,,442,witherite,,,,,,,,,,,,,,,,,,,77.7,,,,,,,,,,,,,,
,,443,xitieshanite,,,0.01,,23.71735374,,,0.03,0.09,0.07,0.03,,27.69,,,,,,,,,,,,,,,,,,,,
,,444,xitieshanite,,,,,24.32043204,,,,,,,,27.1,,,,,,,,,,,,,,,,,,,,
,,445,aluminoceladonite,60.58,,12.85,,,,,10.15,,,11.87,,,,,,,,,,,,,,,,,,,,,,
,,446,aluminoceladonite,59.4,,12.6,,4.44,,,7.47,,,11.64,,,,,,,,,,,,,,,,,,,,,,
,,447,knorringite,39.78,,,33.54,,,,26.68,,,,,,,,,,,,,,,,,,,,,,,,,
,,448,knorringite,39.92,0.11,9.74,17.47,7.6100108,,0.6,16.97,8.17,,,,,,,,,,,,,,,,,,,,,,,,
,,449,"""Ca-Tschermaks""",27.54566952,,46.74506949,,,,,,25.70926099,,,,,,,,,,,,,,,,,,,,,,,,
,,450,goldmanite,36.6,,4.9,,4.860486049,,0.3,0.7,33.3,,,,,,,18.3,,,,,,,,,,,,,,,,,
,,451,goldmanite,35.58,,,0.88,0.21600216,,,,33.06,,,,,,,28.66,,,,,,,,,,,,,,,,,
,,452,morimotoite,36.03607746,15.9669198,,,14.36337043,,,,33.63363231,,,,,,,,,,,,,,,,,,,,,,,,
,,453,kimzeyite,16.63,6.95,9.37,,6.43,,,3.32,30.25,,,,,,,,,,,,,,,,,,27.38,,,,,,
,,454,schorlomite,25.66,22.1,,,19.42394239,,,,29.78,,,,,,,,,,,,,,,,,,,,,,,,
,,455,schorlomite,26.08,15.34,4.52,,18.05755176,,0.29,1.19,31.03,0.17,0.08,0.28,,,,,,,,,,,,,,,,,,,,,
,,456,calderite,35.16,0.28,9.04,,14.64314643,,27.38,0.5,12.12,,,,,,,,,,,,,,,,,,,,,,,,
,,457,calderite,32.4,,,,28.26282628,,29,,8.5,,,,,,,,,,,,,,,,,,,,,,,,
,,458,momoiite,35.02,,5.12,,0.05,,24.74,0.28,12.24,,,,,,,21.96,,,,,,,,,,,,,,,,,
,,459,skiagite,32.44987569,,,,64.66985556,,,,,,,,,,,,,,,,,,,,,,,,,,,,
,,460,zoisite,39.55,,39.39,,0.0360036,,,0.07,24.44,,,,,,,0.2,,,,0.05,,,,,,,,,,,,,
,,461,clinozoisite,39.67159441,,33.66139705,,,,,,24.68451829,,,,,,,,,,,,,,,,,,,,,,,,
,,462,clinozoisite,40.36,0.09,30.67,,2.319054905,,,0.74,22.62,,,,,,,,,,,,,,,,,,,,,,,,
,,463,clinozoisite,38.01,,31.71,,4.442421242,,,0.01,23.86,,,,,,,,,,,,,,,,,,,,,,,,
,,464,pumpelleyite-Al,37.52,,25.63,,4.97,,0.11,1.99,23.21,0.03,0.02,,,,,,,,,,,,,,,,,,,,,,
,,465,pumpelleyite-Al,38.16,,32.38,,,,,,23.74,,,,,,,,,,,,,,,,,,,,,,,,
,,466,pumpelleyite-Fe,34.83,0.1,10.1,,25.33516245,,0.02,0.94,20.5,0.18,,,,,,,,,,,,,,,,,,,,,,,
,,467,pumpelleyite-Fe,37.18,,23.5,,6.851476148,,0.13,3.18,23.08,0.19,,,,,,,,,,,,,,,,,,,,,,,
,,468,pumpelleyite-Mg,38.29,,21.66,,,,,8.56,23.83,,,,,,,,,,,,,,,,,,,,,,,,
,,469,pumpelleyite-Mn,35.66,0.02,13.4,,2.187218722,,20.36826,0.89,20.69,0.01,,,,,,,,,,,,,,,,,,,,,,,
,,470,epidote,37.30195192,,21.10050164,,14.86792656,,,,23.21007583,,,,,,,,,,,,,,,,,,,,,,,,
,,471,piemontite,36.92,,18.8,,4.42,,13.08,,22.97,,,,,,,,,,,,,,,,,,,,,,,,
,,472,tweddillite,25.18571863,,7.123371163,,,,19.82368083,,7.835547593,,,,,,,,,,,14.4784103,,,,,,,,,,,,,
,,473,niigataite,35.91373006,,30.47284449,,,,,,11.17314718,,,,,,,,,,,20.64557803,,,,,,,,,,,,,
,,474,niigataite,36.07,,25.3,,6.47,,,,14.36,,,,,,,,,,,14.93,,,,,,,,,,,,,
,,475,kushiroite,27.55,,46.74,,,,,,25.71,,,,,,,,,,,,,,,,,,,,,,,,
,,476,prehnite,41.67,0.12,24.44,,1.247927928,,,0.25,27.25,0.18,0.18,,,,,,,,,,,,,,,,,,,,,,
,,477,prehnite,43.71,,24.72,,,,,,27.2,,,,,,,,,,,,,,,,,,,,,,,,
,,478,ferriprehnite,40.5,0.05,15.61,0.01,10.73807381,,0.01,0.03,25.18,0.02,,,,,,0.03,,,0.02,,,,,,,,,,,,,,
,,479,ferriprehnite,40.85,,11.55,,16.29162916,,,,25.42,,,,,,,,,,,,,,,,,,,,,,,,
,,480,gahnite,0.03,,57.71,,7.85,,0.65,0.61,,,,,,,,,34.06,,,,,,,,,,,,,,,,
,,481,gahnite,,,55.61,,,,,,,,,,,,,,44.39,,,,,,,,,,,,,,,,
